投稿者,投稿日,星評価,ネタバレ,口コミ全文
user_4329,2025-02-03 16:00,4.0,なし,ストーリーが少し難解でした。
user_7942,2025-02-21 14:00,2.3,あり,伏線の回収がすごかった！
user_2650,2025-03-03 02:00,3.6,あり,伏線の回収がすごかった！
user_7266,2025-05-20 01:00,4.7,なし,泣けました。感動です。
user_4578,2025-04-25 04:00,2.9,あり,ストーリーが少し難解でした。
user_4123,2025-02-13 01:00,5.0,あり,ストーリーが少し難解でした。
user_6439,2025-01-25 21:00,4.3,あり,ホラーとしての完成度が高い。
user_5669,2025-02-08 14:00,2.2,なし,映像が綺麗ですね。
user_7045,2025-02-21 01:00,1.0,あり,役者の演技が光っていました。
user_8679,2025-02-02 19:00,2.8,あり,最高に面白かった！
user_4782,2025-01-14 05:00,-,なし,期待外れだったかな...
user_7586,2025-04-01 16:00,4.9,あり,泣けました。感動です。
user_5643,2025-04-26 06:00,-,あり,役者の演技が光っていました。
user_7961,2025-05-24 17:00,2.5,なし,伏線の回収がすごかった！
user_3390,2025-04-02 14:00,4.6,あり,泣けました。感動です。
user_7465,2025-01-11 08:00,-,あり,ストーリーが少し難解でした。
user_2474,2025-05-30 05:00,3.9,あり,映像が綺麗ですね。
user_1175,2025-05-06 06:00,2.9,なし,最高に面白かった！
user_8690,2025-03-03 14:00,2.0,あり,最高に面白かった！
user_8328,2025-05-29 15:00,2.1,なし,泣けました。感動です。
user_4750,2025-01-26 16:00,1.3,あり,映像が綺麗ですね。
user_2370,2025-04-05 00:00,3.0,なし,泣けました。感動です。
user_2363,2025-02-09 06:00,2.5,なし,伏線の回収がすごかった！
user_8274,2025-03-11 04:00,-,なし,映像が綺麗ですね。
user_1452,2025-03-06 20:00,3.0,あり,役者の演技が光っていました。
user_3126,2025-02-25 14:00,1.9,あり,ホラーとしての完成度が高い。
user_8882,2025-04-13 23:00,4.9,あり,役者の演技が光っていました。
user_3149,2025-01-27 02:00,3.7,あり,途中で寝てしまいました。
user_5419,2025-04-30 02:00,-,あり,ホラーとしての完成度が高い。
user_4438,2025-05-22 15:00,2.9,なし,映像が綺麗ですね。
user_2029,2025-01-05 02:00,1.5,あり,途中で寝てしまいました。
user_8961,2025-03-12 01:00,1.3,なし,音楽が耳に残ります。
user_6261,2025-01-22 01:00,4.9,あり,伏線の回収がすごかった！
user_7827,2025-04-06 17:00,2.1,あり,ホラーとしての完成度が高い。
user_3899,2025-05-29 00:00,1.7,なし,途中で寝てしまいました。
user_8774,2025-04-26 15:00,2.0,なし,泣けました。感動です。
user_4442,2025-01-14 04:00,2.4,なし,映像が綺麗ですね。
user_6526,2025-04-01 17:00,1.9,なし,途中で寝てしまいました。
user_3328,2025-03-03 13:00,3.3,なし,期待外れだったかな...
user_1624,2025-02-24 14:00,-,なし,役者の演技が光っていました。
user_1795,2025-05-13 03:00,3.4,なし,ホラーとしての完成度が高い。
user_4465,2025-05-28 08:00,2.1,なし,伏線の回収がすごかった！
user_1337,2025-03-09 16:00,3.4,あり,ホラーとしての完成度が高い。
user_6121,2025-01-02 02:00,2.1,なし,映像が綺麗ですね。
user_5489,2025-03-12 21:00,2.5,あり,役者の演技が光っていました。
user_1707,2025-05-03 07:00,1.9,なし,音楽が耳に残ります。
user_9396,2025-03-06 08:00,2.8,なし,役者の演技が光っていました。
user_8866,2025-03-28 11:00,2.7,なし,伏線の回収がすごかった！
user_5651,2025-05-12 06:00,2.3,あり,最高に面白かった！
user_9160,2025-04-05 20:00,2.4,あり,途中で寝てしまいました。
user_4199,2025-05-05 05:00,3.6,なし,最高に面白かった！
user_4050,2025-05-26 09:00,3.4,なし,映像が綺麗ですね。
user_8311,2025-02-11 11:00,2.2,あり,最高に面白かった！
user_3843,2025-02-25 08:00,1.4,あり,ホラーとしての完成度が高い。
user_5677,2025-04-25 20:00,3.8,あり,役者の演技が光っていました。
user_3193,2025-04-07 20:00,4.2,あり,ホラーとしての完成度が高い。
user_8013,2025-05-10 18:00,3.1,あり,伏線の回収がすごかった！
user_3821,2025-01-17 05:00,1.3,あり,映像が綺麗ですね。
user_3776,2025-05-13 17:00,2.9,なし,途中で寝てしまいました。
user_1968,2025-02-22 23:00,-,なし,映像が綺麗ですね。
user_7538,2025-01-24 13:00,2.8,なし,最高に面白かった！
user_3238,2025-03-12 06:00,4.9,なし,期待外れだったかな...
user_6568,2025-05-12 23:00,4.2,あり,ホラーとしての完成度が高い。
user_5123,2025-04-14 19:00,4.6,なし,最高に面白かった！
user_2115,2025-04-02 03:00,4.9,あり,途中で寝てしまいました。
user_5318,2025-03-25 14:00,-,なし,ホラーとしての完成度が高い。
user_8196,2025-03-17 21:00,-,あり,期待外れだったかな...
user_5098,2025-05-05 15:00,1.7,あり,ホラーとしての完成度が高い。
user_5752,2025-03-17 12:00,2.8,なし,最高に面白かった！
user_3186,2025-02-12 09:00,3.9,なし,役者の演技が光っていました。
user_7034,2025-05-28 20:00,3.7,なし,泣けました。感動です。
user_3653,2025-05-29 06:00,2.7,なし,映像が綺麗ですね。
user_1101,2025-01-16 00:00,4.1,あり,映像が綺麗ですね。
user_4748,2025-05-30 12:00,4.0,なし,ストーリーが少し難解でした。
user_4955,2025-03-24 20:00,2.6,あり,ホラーとしての完成度が高い。
user_4797,2025-05-18 10:00,2.6,なし,ストーリーが少し難解でした。
user_9966,2025-02-15 09:00,1.8,あり,ストーリーが少し難解でした。
user_1114,2025-01-26 10:00,2.6,あり,泣けました。感動です。
user_7917,2025-04-12 19:00,3.1,あり,映像が綺麗ですね。
user_2950,2025-03-25 14:00,1.5,なし,最高に面白かった！
user_4178,2025-03-03 17:00,4.9,なし,音楽が耳に残ります。
user_6604,2025-01-16 02:00,1.3,あり,映像が綺麗ですね。
user_2350,2025-04-14 10:00,4.8,あり,伏線の回収がすごかった！
user_9835,2025-01-24 13:00,-,あり,伏線の回収がすごかった！
user_2424,2025-05-21 22:00,3.4,あり,伏線の回収がすごかった！
user_9380,2025-01-17 04:00,2.6,なし,最高に面白かった！
user_5803,2025-05-23 17:00,3.6,あり,期待外れだったかな...
user_2512,2025-01-28 00:00,1.8,あり,ホラーとしての完成度が高い。
user_6061,2025-04-22 20:00,1.9,あり,期待外れだったかな...
user_6770,2025-03-22 22:00,1.1,あり,泣けました。感動です。
user_4186,2025-04-09 03:00,2.7,あり,途中で寝てしまいました。
user_9006,2025-04-21 00:00,3.9,あり,役者の演技が光っていました。
user_1360,2025-01-29 04:00,2.1,あり,ホラーとしての完成度が高い。
user_4121,2025-03-31 14:00,-,あり,映像が綺麗ですね。
user_2756,2025-05-13 16:00,4.4,あり,期待外れだったかな...
user_7258,2025-04-17 17:00,2.5,あり,泣けました。感動です。
user_2183,2025-03-03 10:00,3.5,あり,最高に面白かった！
user_6992,2025-04-03 23:00,1.3,なし,ホラーとしての完成度が高い。
user_4300,2025-02-04 01:00,4.5,あり,途中で寝てしまいました。
user_8030,2025-05-16 11:00,4.1,あり,役者の演技が光っていました。
user_1350,2025-04-28 21:00,4.1,なし,ホラーとしての完成度が高い。
user_1192,2025-03-08 08:00,4.9,あり,伏線の回収がすごかった！
user_2115,2025-02-27 13:00,3.6,なし,音楽が耳に残ります。
user_3980,2025-02-22 00:00,-,あり,伏線の回収がすごかった！
user_4895,2025-04-20 06:00,2.6,なし,音楽が耳に残ります。
user_2920,2025-05-02 00:00,2.9,なし,最高に面白かった！
user_5261,2025-03-24 03:00,4.5,あり,ホラーとしての完成度が高い。
user_3924,2025-05-18 00:00,3.0,なし,伏線の回収がすごかった！
user_9267,2025-03-12 11:00,2.7,あり,役者の演技が光っていました。
user_3258,2025-01-12 03:00,1.9,なし,役者の演技が光っていました。
user_4851,2025-02-22 13:00,3.8,あり,役者の演技が光っていました。
user_2794,2025-01-20 03:00,2.9,なし,期待外れだったかな...
user_3497,2025-03-06 15:00,4.8,あり,伏線の回収がすごかった！
user_9054,2025-01-09 13:00,4.6,あり,伏線の回収がすごかった！
user_9459,2025-02-16 04:00,2.8,なし,伏線の回収がすごかった！
user_4029,2025-03-30 18:00,2.7,なし,伏線の回収がすごかった！
user_6969,2025-04-12 01:00,1.1,あり,ストーリーが少し難解でした。
user_8726,2025-04-11 10:00,1.7,あり,最高に面白かった！
user_8035,2025-01-11 03:00,3.0,なし,映像が綺麗ですね。
user_6664,2025-04-03 19:00,2.7,あり,最高に面白かった！
user_8118,2025-04-13 05:00,2.2,なし,期待外れだったかな...
user_5460,2025-01-31 09:00,-,あり,音楽が耳に残ります。
user_9311,2025-03-05 22:00,2.0,なし,伏線の回収がすごかった！
user_8657,2025-02-15 10:00,2.6,あり,期待外れだったかな...
user_5839,2025-05-05 10:00,1.9,あり,途中で寝てしまいました。
user_5667,2025-02-11 09:00,3.0,あり,途中で寝てしまいました。
user_9642,2025-04-19 03:00,3.2,あり,ストーリーが少し難解でした。
user_6769,2025-05-11 11:00,4.4,あり,伏線の回収がすごかった！
user_6559,2025-05-10 19:00,1.9,あり,伏線の回収がすごかった！
user_3311,2025-01-12 20:00,5.0,あり,泣けました。感動です。
user_2721,2025-05-05 03:00,5.0,あり,期待外れだったかな...
user_3713,2025-05-02 08:00,4.3,あり,映像が綺麗ですね。
user_3104,2025-04-19 21:00,2.1,あり,泣けました。感動です。
user_8349,2025-02-26 21:00,4.9,あり,音楽が耳に残ります。
user_4701,2025-04-25 21:00,2.7,あり,途中で寝てしまいました。
user_1158,2025-01-01 17:00,1.3,なし,泣けました。感動です。
user_7171,2025-03-02 00:00,1.2,あり,伏線の回収がすごかった！
user_3566,2025-02-15 06:00,3.0,なし,最高に面白かった！
user_4757,2025-02-12 17:00,3.5,あり,伏線の回収がすごかった！
user_2560,2025-03-25 17:00,2.9,なし,途中で寝てしまいました。
user_1673,2025-05-07 03:00,4.2,あり,泣けました。感動です。
user_5505,2025-04-30 13:00,2.2,なし,ストーリーが少し難解でした。
user_3652,2025-04-01 17:00,-,あり,途中で寝てしまいました。
user_5831,2025-03-04 07:00,3.2,あり,映像が綺麗ですね。
user_7136,2025-05-28 16:00,2.2,なし,泣けました。感動です。
user_3283,2025-01-02 06:00,3.7,なし,伏線の回収がすごかった！
user_3498,2025-05-16 08:00,1.3,あり,期待外れだったかな...
user_6788,2025-05-18 18:00,4.8,なし,最高に面白かった！
user_1760,2025-02-04 23:00,3.6,なし,最高に面白かった！
user_6110,2025-03-31 11:00,4.9,あり,ストーリーが少し難解でした。
user_8716,2025-05-24 08:00,2.1,あり,泣けました。感動です。
user_1954,2025-02-09 09:00,4.5,なし,途中で寝てしまいました。
user_9564,2025-01-12 15:00,-,あり,映像が綺麗ですね。
user_4331,2025-04-25 14:00,1.4,なし,役者の演技が光っていました。
user_3935,2025-04-23 10:00,3.5,あり,ホラーとしての完成度が高い。
user_7835,2025-01-03 09:00,3.7,なし,泣けました。感動です。
user_7356,2025-04-13 19:00,3.7,なし,伏線の回収がすごかった！
user_9480,2025-04-04 17:00,3.5,なし,ストーリーが少し難解でした。
user_6001,2025-04-04 19:00,2.1,なし,音楽が耳に残ります。
user_2302,2025-04-17 15:00,3.8,なし,伏線の回収がすごかった！
user_1168,2025-01-02 03:00,-,あり,期待外れだったかな...
user_9356,2025-02-18 18:00,4.3,あり,映像が綺麗ですね。
user_9381,2025-05-27 06:00,3.2,あり,音楽が耳に残ります。
user_9340,2025-05-11 11:00,2.0,なし,音楽が耳に残ります。
user_6898,2025-02-02 16:00,3.1,なし,ストーリーが少し難解でした。
user_5483,2025-01-21 05:00,4.8,あり,音楽が耳に残ります。
user_7948,2025-05-11 09:00,3.5,なし,映像が綺麗ですね。
user_3646,2025-05-11 21:00,2.5,あり,ストーリーが少し難解でした。
user_7679,2025-03-16 05:00,2.1,あり,ホラーとしての完成度が高い。
user_7121,2025-05-05 02:00,-,あり,音楽が耳に残ります。
user_2089,2025-05-27 20:00,2.8,あり,役者の演技が光っていました。
user_8673,2025-04-23 22:00,2.6,あり,伏線の回収がすごかった！
user_3289,2025-03-29 21:00,1.8,なし,映像が綺麗ですね。
user_9974,2025-02-24 22:00,-,あり,泣けました。感動です。
user_3032,2025-05-01 12:00,-,あり,映像が綺麗ですね。
user_8624,2025-02-24 23:00,4.4,あり,役者の演技が光っていました。
user_2121,2025-01-06 15:00,3.4,なし,期待外れだったかな...
user_1069,2025-01-15 14:00,1.9,なし,途中で寝てしまいました。
user_7791,2025-01-24 19:00,3.8,なし,映像が綺麗ですね。
user_8055,2025-02-05 08:00,-,なし,役者の演技が光っていました。
user_5254,2025-04-19 23:00,3.0,なし,期待外れだったかな...
user_9193,2025-04-04 09:00,3.7,あり,ホラーとしての完成度が高い。
user_8932,2025-04-02 23:00,-,なし,役者の演技が光っていました。
user_9639,2025-03-25 10:00,3.5,なし,最高に面白かった！
user_3327,2025-02-18 04:00,1.6,なし,映像が綺麗ですね。
user_6452,2025-03-22 09:00,4.6,なし,音楽が耳に残ります。
user_4025,2025-04-26 23:00,3.2,あり,伏線の回収がすごかった！
user_1190,2025-03-29 22:00,-,なし,伏線の回収がすごかった！
user_9594,2025-02-19 19:00,3.7,なし,映像が綺麗ですね。
user_3307,2025-05-13 16:00,-,なし,途中で寝てしまいました。
user_7230,2025-04-24 14:00,3.3,あり,最高に面白かった！
user_6215,2025-02-08 13:00,3.5,あり,ストーリーが少し難解でした。
user_2644,2025-03-13 18:00,1.3,あり,ホラーとしての完成度が高い。
user_5325,2025-04-08 00:00,3.2,あり,期待外れだったかな...
user_6064,2025-02-01 10:00,4.7,なし,役者の演技が光っていました。
user_1863,2025-02-08 23:00,3.8,なし,映像が綺麗ですね。
user_4130,2025-04-11 15:00,1.7,なし,役者の演技が光っていました。
user_3088,2025-05-09 15:00,-,あり,伏線の回収がすごかった！
user_8409,2025-03-26 07:00,2.3,なし,伏線の回収がすごかった！
user_9114,2025-04-01 13:00,2.7,なし,最高に面白かった！
